nom_entidad,casos_ponderados
MÉXICO,1333883
CIUDAD DE MÉXICO,699840
VERACRUZ DE IGNACIO DE LA LLAVE,625007
JALISCO,621493
GUANAJUATO,464896
PUEBLA,439552
MICHOACÁN DE OCAMPO,346114
GUERRERO,306097
NUEVO LEÓN,297956
OAXACA,282395
HIDALGO,256629
CHIHUAHUA,234912
SAN LUIS POTOSÍ,219599
COAHUILA DE ZARAGOZA,215026
CHIAPAS,211728
SONORA,200252
QUERÉTARO,199850
TAMAULIPAS,199153
YUCATÁN,183197
SINALOA,172305
BAJA CALIFORNIA,163045
TABASCO,157287
MORELOS,144564
DURANGO,126757
QUINTANA ROO,121751
AGUASCALIENTES,113717
TLAXCALA,98499
ZACATECAS,90345
NAYARIT,89232
COLIMA,56245
CAMPECHE,55801
BAJA CALIFORNIA SUR,43367
